Alpha[deg],C_L,C_mle,C_m/4
1.000000000000000000e+01,1.828146556078455109e+00,-5.992907827744773375e-01,-1.491975572573198683e-01
