Alpha[deg],C_L,C_mle,C_m/4
1.000000000000000000e+01,1.200948720140188941e+00,-3.088472449311165380e-01,-1.317134229007993484e-02
